<?xml version="1.0" encoding="UTF-8"?>
<beans:beans xmlns="http://www.springframework.org/schema/mvc"
	xmlns:xsi="http://www.w3.org/2001/XMLSchema-instance" xmlns:beans="http://www.springframework.org/schema/beans"
	xmlns:tx="http://www.springframework.org/schema/tx" xmlns:context="http://www.springframework.org/schema/context"
	xsi:schemaLocation="http://www.springframework.org/schema/mvc http://www.springframework.org/schema/mvc/spring-mvc.xsd
		http://www.springframework.org/schema/beans http://www.springframework.org/schema/beans/spring-beans.xsd
		http://www.springframework.org/schema/context http://www.springframework.org/schema/context/spring-context.xsd
			 http://www.springframework.org/schema/tx  http://www.springframework.org/schema/tx/spring-tx-3.2.xsd">


	<beans:bean id="dataSource" class="com.mchange.v2.c3p0.ComboPooledDataSource">
		<beans:property name="driverClass" value="${db.driver}"></beans:property>
		<beans:property name="jdbcUrl" value="${db.url}"></beans:property>
		<beans:property name="user" value="${db.username}"></beans:property>
		<beans:property name="password" value="${db.password}"></beans:property>

	</beans:bean>

	<beans:bean id="sessionFactory"
		class="org.springframework.orm.hibernate4.LocalSessionFactoryBean">
		<beans:property name="dataSource" ref="dataSource" />
		<beans:property name="packagesToScan" value="com.thinksys.activiti.model" />
		<beans:property name="hibernateProperties">
			<beans:props>
				<beans:prop key="hibernate.dialect">org.hibernate.dialect.MySQLDialect
				</beans:prop>
				<beans:prop key="hibernate.show_sql">true</beans:prop>
				<beans:prop key="hibernate.format_sql">true</beans:prop>
				<beans:prop key="hibernate.hbm2ddl.auto">update</beans:prop>
				<beans:prop key="hibernate.use_sql_comments">false</beans:prop>
			</beans:props>
		</beans:property>
	</beans:bean>


	<beans:bean id="hibernateTemplate"
		class="org.springframework.orm.hibernate4.HibernateTemplate">
		<beans:property name="sessionFactory" ref="sessionFactory" />
	</beans:bean>
	<tx:annotation-driven transaction-manager="hibernateTransactionManager" />
	<beans:bean id="hibernateTransactionManager"
		class="org.springframework.orm.hibernate4.HibernateTransactionManager">
		<beans:property name="sessionFactory" ref="sessionFactory" />
	</beans:bean>

</beans:beans>
	

	
	
	
	