<beans:beans xmlns="http://www.springframework.org/schema/security"
	xmlns:beans="http://www.springframework.org/schema/beans" xmlns:xsi="http://www.w3.org/2001/XMLSchema-instance"
	 xmlns:security="http://www.springframework.org/schema/security"
	xsi:schemaLocation="http://www.springframework.org/schema/beans
	http://www.springframework.org/schema/beans/spring-beans-3.0.xsd
	http://www.springframework.org/schema/security
	http://www.springframework.org/schema/security/spring-security-4.0.xsd"
	>

	

<security:http auto-config="true">
		<security:intercept-url pattern="/admin" access="hasRole('USER')" /> 
        
		<form-login login-page="/login" default-target-url="/welcome"
			authentication-failure-url="/login?error" username-parameter="username"
			password-parameter="password"  login-processing-url="/j_spring_security_check"/>
	
	<security:logout logout-url="/logout" delete-cookies="JSESSIONID"
			invalidate-session="true" success-handler-ref="customLogoutSuccessHandler" />
	</security:http>

	<beans:bean id="customLogoutSuccessHandler" class="com.thinksys.activiti.security.LogoutHandler" />

	<beans:bean id="contextSource"
		class="org.springframework.security.ldap.DefaultSpringSecurityContextSource">
		<beans:constructor-arg value="ldap://localhost:10389" />
	</beans:bean>
	<beans:bean id="userSearch"
		class="org.springframework.security.ldap.search.FilterBasedLdapUserSearch">
		<beans:constructor-arg index="0"
			value="ou=people1,dc=example,dc=com" />
		<beans:constructor-arg index="1" value="(uid={0})" />
		<beans:constructor-arg index="2" ref="contextSource" />
	</beans:bean>
	
	<beans:bean id="ldapAuthProvider"
		class="org.springframework.security.ldap.authentication.LdapAuthenticationProvider">
		<beans:constructor-arg>
			<beans:bean
				class="org.springframework.security.ldap.authentication.BindAuthenticator">
				<beans:constructor-arg ref="contextSource" />
				<beans:property name="userSearch" ref="userSearch" />
			</beans:bean>
		</beans:constructor-arg>
		<beans:constructor-arg>
			<beans:bean class="com.thinksys.activiti.security.CustomLdapAuthorities" />
		</beans:constructor-arg>
	</beans:bean>

	<security:authentication-manager>
		<security:authentication-provider ref="ldapAuthProvider" />
	</security:authentication-manager>


</beans:beans>