<?xml version="1.0" encoding="UTF-8"?>
<beans:beans xmlns="http://www.springframework.org/schema/mvc"
	xmlns:xsi="http://www.w3.org/2001/XMLSchema-instance" xmlns:beans="http://www.springframework.org/schema/beans"
	xmlns:context="http://www.springframework.org/schema/context"
	xsi:schemaLocation="http://www.springframework.org/schema/mvc http://www.springframework.org/schema/mvc/spring-mvc.xsd
		http://www.springframework.org/schema/beans http://www.springframework.org/schema/beans/spring-beans.xsd
		http://www.springframework.org/schema/context http://www.springframework.org/schema/context/spring-context.xsd">

	<!-- DispatcherServlet Context: defines this servlet's request-processing 
		infrastructure -->

	<!-- Enables the Spring MVC @Controller programming model -->
	<annotation-driven />

	<!-- Handles HTTP GET requests for /resources/** by efficiently serving 
		up static resources in the ${webappRoot}/resources directory -->
	<resources mapping="/resources/**" location="/resources/" />

	<!-- Resolves views selected for rendering by @Controllers to .jsp resources 
		in the /WEB-INF/views directory -->
	<beans:bean
		class="org.springframework.web.servlet.view.InternalResourceViewResolver">
		<beans:property name="prefix" value="/WEB-INF/views/" />
		<beans:property name="suffix" value=".jsp" />
	</beans:bean>

	<context:component-scan base-package="com.thinksys.activiti.*" />

	<beans:bean id="dataSource"

		class="org.springframework.jdbc.datasource.SimpleDriverDataSource">

		<beans:property name="driverClass" value="com.mysql.jdbc.Driver" />

		<beans:property name="url"
			value="jdbc:mysql://localhost:3306/sakila" />

		<beans:property name="username" value="root" />

		<beans:property name="password" value="root" />

	</beans:bean>

	<beans:bean id="transactionManager"

		class="org.springframework.jdbc.datasource.DataSourceTransactionManager">

		<beans:property name="dataSource" ref="dataSource"></beans:property>

	</beans:bean>

	<beans:bean id="processEngineConfiguration"
		class="org.activiti.spring.SpringProcessEngineConfiguration">

		<beans:property name="databaseType" value="mysql" />

		<beans:property name="dataSource" ref="dataSource" />

		<beans:property name="databaseSchemaUpdate" value="true" />

		<beans:property name="history" value="full" />

		<beans:property name="jobExecutorActivate" value="true" />

		<beans:property name="deploymentResources" value="classpath*:/*.bpmn" />

		<beans:property name="transactionManager" ref="transactionManager" />

		<beans:property name="mailServerHost" value="smtp.gmail.com" />

		<beans:property name="mailServerPort" value="25" />

		<beans:property name="mailServerUsername" value="singh.anuj@thinksys.com" />

		<beans:property name="mailServerPassword" value="anujsingh1989!" />

		<beans:property name="mailServerUseTLS" value="true" />

		<beans:property name="customPostDeployers">
			<beans:list>
				<beans:bean class="org.activiti.engine.impl.rules.RulesDeployer" />
			</beans:list>
		</beans:property>

	</beans:bean>

	<beans:bean id="processEngine"
		class="org.activiti.spring.ProcessEngineFactoryBean">

		<beans:property name="processEngineConfiguration" ref="processEngineConfiguration" />

	</beans:bean>

	<beans:bean id="repositoryService" factory-bean="processEngine"
		factory-method="getRepositoryService" />

	<beans:bean id="runtimeService" factory-bean="processEngine"
		factory-method="getRuntimeService" />

	<beans:bean id="taskService" factory-bean="processEngine"
		factory-method="getTaskService" />

	<beans:bean id="historyService" factory-bean="processEngine"
		factory-method="getHistoryService" />

	<beans:bean id="managementService" factory-bean="processEngine"
		factory-method="getManagementService" />

	<beans:bean id="identityService" factory-bean="processEngine"
		factory-method="getIdentityService" />


	<!-- <beans:bean id="mailclass" class="com.thinksys.activiti.serviceImpl.ServiceClassDelegateSample"> 
		<beans:property name="runtimeService1" ref="runtimeService"></beans:property> 
		</beans:bean> -->

</beans:beans>
