<?xml version="1.0" encoding="UTF-8"?>
<beans:beans xmlns="http://www.springframework.org/schema/mvc"
	xmlns:xsi="http://www.w3.org/2001/XMLSchema-instance" xmlns:beans="http://www.springframework.org/schema/beans"
	xmlns:tx="http://www.springframework.org/schema/tx"
	xmlns:util="http://www.springframework.org/schema/util" xmlns:context="http://www.springframework.org/schema/context"
	xsi:schemaLocation="http://www.springframework.org/schema/mvc http://www.springframework.org/schema/mvc/spring-mvc.xsd
		http://www.springframework.org/schema/beans http://www.springframework.org/schema/beans/spring-beans.xsd
		http://www.springframework.org/schema/context http://www.springframework.org/schema/context/spring-context.xsd
		http://www.springframework.org/schema/util http://www.springframework.org/schema/util/spring-util-4.2.xsd
			 http://www.springframework.org/schema/tx  http://www.springframework.org/schema/tx/spring-tx-3.2.xsd">

	<util:properties location="classpath:dbConfig.properties"
		id="myProperties"></util:properties>
	<context:property-placeholder
		properties-ref="myProperties" />


	<annotation-driven />

	<resources mapping="/resources/**" location="/resources/" />

	<!-- Resolves views selected for rendering by @Controllers to .jsp resources 
		in the /WEB-INF/views directory -->
	<beans:bean
		class="org.springframework.web.servlet.view.InternalResourceViewResolver">
		<beans:property name="prefix" value="/WEB-INF/views/" />
		<beans:property name="suffix" value=".jsp" />
	</beans:bean>

	<context:component-scan base-package="com.thinksys.activiti.*" />

<!-- 	<beans:bean id="dataSource"
		class="com.mchange.v2.c3p0.ComboPooledDataSource">
		<beans:property name="driverClass" value="com.mysql.jdbc.Driver" />
		<beans:property name="jdbcUrl" value="jdbc:mysql://localhost:3306/test" />
		<beans:property name="user" value="root" />
		<beans:property name="password" value="root" />
	</beans:bean>

	<beans:bean id="transactionManager"	class="org.springframework.jdbc.datasource.DataSourceTransactionManager">
		<beans:property name="dataSource" ref="dataSource"></beans:property>
	</beans:bean>
	
	
	
	
	<beans:bean id="sessionFactory"
		class="org.springframework.orm.hibernate4.LocalSessionFactoryBean">
		<beans:property name="dataSource" ref="dataSource"/>
		<beans:property name="packagesToScan" value="com.thinksys.activiti.model" />
		<beans:property name="hibernateProperties">
			<beans:props>
				<beans:prop key="hibernate.dialect">org.hibernate.dialect.MySQLDialect</beans:prop>
				<beans:prop key="hibernate.show_sql">true</beans:prop>
				<beans:prop key="hibernate.format_sql">true</beans:prop>
				<beans:prop key="hibernate.hbm2ddl.auto">update</beans:prop>
				<beans:prop key="hibernate.use_sql_comments">false</beans:prop>
			</beans:props>
		</beans:property>
	</beans:bean>

	<beans:bean id="hibernateTemplate" class="org.springframework.orm.hibernate4.HibernateTemplate">
		<beans:property name="sessionFactory" ref="sessionFactory"></beans:property>
	</beans:bean>
	<tx:annotation-driven transaction-manager="hibernateTransactionManager" />
	
	<beans:bean id="hibernateTransactionManager"
		class="org.springframework.orm.hibernate4.HibernateTransactionManager">
		<beans:property name="sessionFactory" ref="sessionFactory" />
	</beans:bean>
	
	<beans:bean id="processEngineConfiguration"
		class="org.activiti.spring.SpringProcessEngineConfiguration">

		<beans:property name="databaseType" value="mysql" />

		<beans:property name="dataSource" ref="dataSource" />

		<beans:property name="databaseSchemaUpdate" value="true" />

		<beans:property name="history" value="full" />

		<beans:property name="jobExecutorActivate" value="true" />

		<beans:property name="deploymentResources" value="classpath*:/*.bpmn" />

		<beans:property name="transactionManager" ref="transactionManager" />

		<beans:property name="mailServerHost" value="smtp.gmail.com" />

		<beans:property name="mailServerPort" value="25" />

		<beans:property name="mailServerUsername" value="singh.anuj@thinksys.com" />

		<beans:property name="mailServerPassword" value="anujsingh1989!" />

		<beans:property name="mailServerUseTLS" value="true" />

		<beans:property name="customPostDeployers">
			<beans:list>
				<beans:bean class="org.activiti.engine.impl.rules.RulesDeployer" />
			</beans:list>
		</beans:property>

	</beans:bean>

	<beans:bean id="processEngine"
		class="org.activiti.spring.ProcessEngineFactoryBean">

		<beans:property name="processEngineConfiguration" ref="processEngineConfiguration" />

	</beans:bean>

	<beans:bean id="repositoryService" factory-bean="processEngine"
		factory-method="getRepositoryService" />

	<beans:bean id="runtimeService" factory-bean="processEngine"
		factory-method="getRuntimeService" />

	<beans:bean id="taskService" factory-bean="processEngine"
		factory-method="getTaskService" />

	<beans:bean id="historyService" factory-bean="processEngine"
		factory-method="getHistoryService" />

	<beans:bean id="managementService" factory-bean="processEngine"
		factory-method="getManagementService" />

	<beans:bean id="identityService" factory-bean="processEngine"
		factory-method="getIdentityService" /> -->


	<!-- <beans:bean id="mailclass" class="com.thinksys.activiti.serviceImpl.ServiceClassDelegateSample"> 
		<beans:property name="runtimeService1" ref="runtimeService"></beans:property> 
		</beans:bean> -->

	<beans:import resource="dbConfig.xml" />


</beans:beans>
