<?xml version="1.0" encoding="UTF-8"?>
<definitions xmlns="http://www.omg.org/spec/BPMN/20100524/MODEL" xmlns:xsi="http://www.w3.org/2001/XMLSchema-instance" xmlns:xsd="http://www.w3.org/2001/XMLSchema" xmlns:activiti="http://activiti.org/bpmn" xmlns:bpmndi="http://www.omg.org/spec/BPMN/20100524/DI" xmlns:omgdc="http://www.omg.org/spec/DD/20100524/DC" xmlns:omgdi="http://www.omg.org/spec/DD/20100524/DI" typeLanguage="http://www.w3.org/2001/XMLSchema" expressionLanguage="http://www.w3.org/1999/XPath" targetNamespace="http://www.activiti.org/test">
  <process id="myrefundProcess" name="My Refund process" isExecutable="true">
    <startEvent id="startevent1" name="Start"></startEvent>
    <userTask id="usertask1" name="Request Refund1"></userTask>
    <userTask id="usertask2" name="HR task" activiti:assignee="test">
      <documentation>employee has raised a refund request</documentation>
    </userTask>
    <userTask id="usertask3" name="manger task" activiti:assignee="test">
      <documentation>employee has raised a refund request</documentation>
    </userTask>
    <sequenceFlow id="flow7" sourceRef="startevent1" targetRef="usertask1"></sequenceFlow>
    <parallelGateway id="parallelgateway1" name="Parallel Gateway"></parallelGateway>
    <sequenceFlow id="flow8" sourceRef="usertask1" targetRef="parallelgateway1"></sequenceFlow>
    <sequenceFlow id="flow9" sourceRef="parallelgateway1" targetRef="usertask2"></sequenceFlow>
    <sequenceFlow id="flow10" sourceRef="parallelgateway1" targetRef="usertask3"></sequenceFlow>
    <parallelGateway id="parallelgateway2" name="Parallel Gateway"></parallelGateway>
    <sequenceFlow id="flow11" sourceRef="usertask2" targetRef="parallelgateway2"></sequenceFlow>
    <sequenceFlow id="flow12" sourceRef="usertask3" targetRef="parallelgateway2"></sequenceFlow>
    <endEvent id="endevent1" name="End"></endEvent>
    <sequenceFlow id="flow13" sourceRef="parallelgateway2" targetRef="endevent1"></sequenceFlow>
  </process>
  <bpmndi:BPMNDiagram id="BPMNDiagram_myrefundProcess">
    <bpmndi:BPMNPlane bpmnElement="myrefundProcess" id="BPMNPlane_myrefundProcess">
      <bpmndi:BPMNShape bpmnElement="startevent1" id="BPMNShape_startevent1">
        <omgdc:Bounds height="35.0" width="35.0" x="40.0" y="220.0"></omgdc:Bounds>
      </bpmndi:BPMNShape>
      <bpmndi:BPMNShape bpmnElement="usertask1" id="BPMNShape_usertask1">
        <omgdc:Bounds height="55.0" width="105.0" x="180.0" y="210.0"></omgdc:Bounds>
      </bpmndi:BPMNShape>
      <bpmndi:BPMNShape bpmnElement="usertask2" id="BPMNShape_usertask2">
        <omgdc:Bounds height="55.0" width="105.0" x="440.0" y="80.0"></omgdc:Bounds>
      </bpmndi:BPMNShape>
      <bpmndi:BPMNShape bpmnElement="usertask3" id="BPMNShape_usertask3">
        <omgdc:Bounds height="55.0" width="105.0" x="460.0" y="290.0"></omgdc:Bounds>
      </bpmndi:BPMNShape>
      <bpmndi:BPMNShape bpmnElement="parallelgateway1" id="BPMNShape_parallelgateway1">
        <omgdc:Bounds height="40.0" width="40.0" x="380.0" y="200.0"></omgdc:Bounds>
      </bpmndi:BPMNShape>
      <bpmndi:BPMNShape bpmnElement="parallelgateway2" id="BPMNShape_parallelgateway2">
        <omgdc:Bounds height="40.0" width="40.0" x="620.0" y="210.0"></omgdc:Bounds>
      </bpmndi:BPMNShape>
      <bpmndi:BPMNShape bpmnElement="endevent1" id="BPMNShape_endevent1">
        <omgdc:Bounds height="35.0" width="35.0" x="705.0" y="213.0"></omgdc:Bounds>
      </bpmndi:BPMNShape>
      <bpmndi:BPMNEdge bpmnElement="flow7" id="BPMNEdge_flow7">
        <omgdi:waypoint x="75.0" y="237.0"></omgdi:waypoint>
        <omgdi:waypoint x="180.0" y="237.0"></omgdi:waypoint>
      </bpmndi:BPMNEdge>
      <bpmndi:BPMNEdge bpmnElement="flow8" id="BPMNEdge_flow8">
        <omgdi:waypoint x="285.0" y="237.0"></omgdi:waypoint>
        <omgdi:waypoint x="380.0" y="220.0"></omgdi:waypoint>
      </bpmndi:BPMNEdge>
      <bpmndi:BPMNEdge bpmnElement="flow9" id="BPMNEdge_flow9">
        <omgdi:waypoint x="400.0" y="200.0"></omgdi:waypoint>
        <omgdi:waypoint x="400.0" y="107.0"></omgdi:waypoint>
        <omgdi:waypoint x="440.0" y="107.0"></omgdi:waypoint>
      </bpmndi:BPMNEdge>
      <bpmndi:BPMNEdge bpmnElement="flow10" id="BPMNEdge_flow10">
        <omgdi:waypoint x="400.0" y="240.0"></omgdi:waypoint>
        <omgdi:waypoint x="400.0" y="317.0"></omgdi:waypoint>
        <omgdi:waypoint x="460.0" y="317.0"></omgdi:waypoint>
      </bpmndi:BPMNEdge>
      <bpmndi:BPMNEdge bpmnElement="flow11" id="BPMNEdge_flow11">
        <omgdi:waypoint x="545.0" y="107.0"></omgdi:waypoint>
        <omgdi:waypoint x="640.0" y="107.0"></omgdi:waypoint>
        <omgdi:waypoint x="640.0" y="210.0"></omgdi:waypoint>
      </bpmndi:BPMNEdge>
      <bpmndi:BPMNEdge bpmnElement="flow12" id="BPMNEdge_flow12">
        <omgdi:waypoint x="565.0" y="317.0"></omgdi:waypoint>
        <omgdi:waypoint x="640.0" y="317.0"></omgdi:waypoint>
        <omgdi:waypoint x="640.0" y="250.0"></omgdi:waypoint>
      </bpmndi:BPMNEdge>
      <bpmndi:BPMNEdge bpmnElement="flow13" id="BPMNEdge_flow13">
        <omgdi:waypoint x="660.0" y="230.0"></omgdi:waypoint>
        <omgdi:waypoint x="705.0" y="230.0"></omgdi:waypoint>
      </bpmndi:BPMNEdge>
    </bpmndi:BPMNPlane>
  </bpmndi:BPMNDiagram>
</definitions>